antibody_name,Titer,prediction_label,abs_error,signed_error,cdrH1_len,cdrH1_gravy,cdrH1_hyd_frac,cdrH1_charge,cdrH1_deamid,cdrH1_isom,cdrH1_oxidn,cdrH2_len,cdrH2_gravy,cdrH2_hyd_frac,cdrH2_charge,cdrH2_deamid,cdrH2_isom,cdrH2_oxidn,cdrH3_len,cdrH3_gravy,cdrH3_hyd_frac,cdrH3_charge,cdrH3_deamid,cdrH3_isom,cdrH3_oxidn,cdrL1_len,cdrL1_gravy,cdrL1_hyd_frac,cdrL1_charge,cdrL1_deamid,cdrL1_isom,cdrL1_oxidn,cdrL2_len,cdrL2_gravy,cdrL2_hyd_frac,cdrL2_charge,cdrL2_deamid,cdrL2_isom,cdrL2_oxidn,cdrL3_len,cdrL3_gravy,cdrL3_hyd_frac,cdrL3_charge,cdrL3_deamid,cdrL3_isom,cdrL3_oxidn,cdrH3_aromatic_frac,cdrH3_glycan_sequon,VH_deamid_total,VH_isom_total,VH_oxidn_total,VH_glycan_total,VH_hyd_frac,VH_gravy,VH_charge,VL_deamid_total,VL_isom_total,VL_oxidn_total,VL_glycan_total,VL_hyd_frac,VL_gravy,VL_charge,total_deamid,total_oxidn,VH_unpaired_cys,VL_unpaired_cys
,213.64038,208.41327837414244,5.227102485232564,-5.227102485232564,11,0.045454547,0.36363637,0,0,0,1,17,-0.67058825,0.29411766,0,0,2,0,16,-0.1875,0.4375,-1,0,0,0,9,-0.055555556,0.44444445,0,0,0,2,8,-0.9125,0.375,1,0,0,0,9,-0.98888886,0.33333334,-1,0,1,0,0.125,0,2,1,6,1,0.39285713,-0.2767857,-2,0,1,2,0,0.3490566,-0.31698114,-1,2,8,0,0
,707.1995,279.6103620787438,427.5891618470375,-427.5891618470375,11,-0.12727273,0.36363637,0,0,0,1,17,-0.20588236,0.3529412,-2,0,1,0,22,-0.17727272,0.54545456,1,0,0,1,9,-0.9,0.33333334,0,0,1,0,8,-1.2125,0.25,1,0,0,0,11,-1.8545455,0.18181819,2,0,0,0,0.13636364,0,0,1,8,1,0.39285713,-0.14910714,1,0,0,1,0,0.33333334,-0.3537037,1,0,9,0,0
,497.4357,245.15014932856792,252.2855501343227,-252.2855501343227,11,-0.12727273,0.45454547,0,0,0,1,17,-0.7117647,0.4117647,0,0,2,0,11,-0.036363635,0.45454547,0,0,0,0,9,0.2777778,0.44444445,0,0,0,0,8,0.0375,0.5,0,0,0,0,9,-1.7333333,0.22222222,1,1,0,0,0.09090909,0,1,1,5,0,0.3859649,-0.2236842,-1,0,2,2,0,0.33333334,-0.45833334,-2,1,7,0,0
,403.93326,253.32906821265087,150.60418984398976,-150.60418984398976,11,-0.44545454,0.45454547,-1,0,0,1,17,0.1882353,0.47058824,1,0,0,0,6,-0.033333335,0.16666667,0,0,0,0,10,-0.12,0.4,1,0,0,0,8,-2.125,0.25,1,0,0,0,9,-0.3888889,0.33333334,0,0,0,0,0.0,0,0,1,6,1,0.3963964,-0.09189189,-1,1,1,3,0,0.3,-0.55,-1,1,9,0,0
,129.20306,238.26994666157637,109.06688269673262,109.06688269673262,12,-0.05,0.41666666,0,0,0,1,16,-0.61875,0.4375,-2,0,1,2,11,0.027272727,0.45454547,0,0,0,0,9,-0.15555556,0.33333334,1,0,0,0,8,-0.6,0.375,1,0,0,0,10,-2.11,0.1,1,0,0,1,0.09090909,0,0,2,7,0,0.40707964,-0.25486726,1,0,0,3,0,0.3761468,0.019266056,-1,0,10,0,0
,639.92096,282.3477003087101,357.57325916394615,-357.57325916394615,11,-0.3909091,0.36363637,-1,0,0,1,17,-0.105882354,0.4117647,0,0,1,0,23,-0.37826088,0.4347826,-4,0,0,2,9,-0.82222223,0.44444445,0,0,1,0,8,-2.4375,0.125,2,0,0,0,12,-1.1166667,0.16666667,0,1,1,0,0.13043478,0,2,1,5,1,0.38053098,-0.20973451,1,0,0,1,0,0.33333334,-0.42222223,2,2,6,0,0
,929.6932,217.6018202665214,712.0913560030099,-712.0913560030099,11,-0.23636363,0.45454547,0,0,0,1,19,-0.27894738,0.42105263,0,0,0,0,13,-1.5615385,0.23076923,0,0,0,0,9,-0.41111112,0.33333334,1,0,0,0,8,-1.225,0.375,-1,0,0,0,9,-1.3888888,0.22222222,0,0,0,0,0.15384616,0,4,1,5,2,0.38938054,-0.2778761,3,0,2,4,0,0.32142857,-0.49910715,4,4,9,0,0
,536.5635,227.87576533678248,308.6877112257175,-308.6877112257175,11,0.054545455,0.36363637,1,0,0,0,17,-0.86470586,0.3529412,-1,0,1,0,23,-0.08695652,0.4347826,-2,0,0,1,12,-0.65833336,0.33333334,0,0,0,0,8,-2.2125,0.125,0,0,0,0,9,-0.5222222,0.33333334,0,0,0,0,0.08695652,1,2,2,4,0,0.38938054,-0.098230086,0,0,1,2,0,0.3364486,-0.28785047,1,2,6,0,0
,83.517334,290.91031192095744,207.39297793658244,207.39297793658244,11,0.12727273,0.45454547,-1,0,0,1,19,-0.3,0.42105263,2,0,0,0,23,0.4478261,0.65217394,-2,0,0,1,9,-0.85555553,0.5555556,0,0,0,0,8,-2.4875,0.125,0,0,1,0,12,-0.425,0.33333334,-1,0,1,0,0.2173913,0,1,1,8,2,0.35964912,-0.48333332,-1,0,0,2,0,0.3027523,-0.5073395,1,1,10,0,0
,321.5702,295.24673695031186,26.323453479375644,-26.323453479375644,11,-0.027272727,0.36363637,0,1,0,1,16,-0.14375,0.4375,0,0,1,0,21,-0.6952381,0.5714286,-1,0,0,2,12,-0.425,0.33333334,-1,0,0,0,8,-1.4625,0.25,0,0,0,0,11,0.0,0.27272728,0,0,0,0,0.3809524,0,2,1,5,0,0.37068966,-0.19568965,4,0,1,2,0,0.35779816,-0.24220183,-1,2,7,0,0
,978.28754,301.92261864302014,676.3649179780737,-676.3649179780737,11,0.72727275,0.45454547,0,0,0,1,17,-0.2647059,0.3529412,1,0,1,0,18,-0.42222223,0.5555556,-2,0,0,2,9,-0.8,0.22222222,1,0,0,0,8,-2.1625,0.25,-1,0,1,0,11,-0.90909094,0.27272728,-1,0,0,1,0.33333334,0,3,1,5,0,0.39473686,-0.26842105,2,0,2,4,0,0.33035713,-0.47589287,2,3,9,0,0
,8.937051,245.43186796246601,236.49481714306904,236.49481714306904,11,-0.17272727,0.45454547,-1,0,0,0,17,-0.8352941,0.3529412,0,0,0,1,10,-0.39,0.5,0,0,0,0,11,-0.46363637,0.36363637,1,0,0,0,8,-2.775,0.125,-1,0,0,0,8,-0.925,0.375,-1,0,1,1,0.1,0,4,1,7,1,0.38053098,-0.23451327,1,2,2,3,0,0.33333334,-0.4351852,-1,6,10,0,0
,616.00635,218.01661626850446,397.98973138774556,-397.98973138774556,11,0.7090909,0.45454547,0,0,0,1,17,-0.31764707,0.29411766,0,0,1,0,8,-1.35,0.375,0,0,0,1,14,-0.55,0.35714287,-1,1,1,0,8,-1.0375,0.375,0,0,1,1,7,-0.4,0.2857143,0,0,0,1,0.25,0,1,1,6,0,0.37391305,-0.22173913,1,1,2,4,0,0.33636364,-0.32545453,1,2,10,0,0
,361.1211,298.9715526473987,62.14954110260129,-62.14954110260129,11,0.009090909,0.36363637,0,0,0,1,17,-0.5294118,0.47058824,0,0,1,1,17,-0.8117647,0.3529412,1,1,0,1,12,-0.35,0.33333334,-1,0,0,0,8,-2.9,0.125,2,0,0,0,13,-0.3,0.23076923,0,0,1,0,0.11764706,0,4,2,5,0,0.39130434,-0.19478261,-1,0,0,2,0,0.37037036,-0.37685186,1,4,7,0,0
,562.3825,347.98674454098216,214.3957627832366,-214.3957627832366,13,-0.13076924,0.46153846,1,0,0,1,16,-0.9875,0.25,2,0,0,0,12,-0.175,0.5,0,1,0,0,11,-0.23636363,0.27272728,-1,0,0,0,8,-2.1,0.25,1,0,0,1,11,0.48181817,0.54545456,-4,0,0,1,0.083333336,0,2,2,5,0,0.4,-0.28869566,-1,0,1,2,0,0.35514018,-0.2953271,-2,2,7,0,0
,591.7178,255.7456764752892,335.9720969622108,-335.9720969622108,13,-0.61538464,0.30769232,-1,1,1,1,18,-1.3666667,0.3888889,2,0,0,1,22,-0.5772727,0.5,-1,0,1,0,9,0.2777778,0.44444445,0,0,0,0,8,0.0375,0.5,0,0,0,0,10,-0.82,0.3,0,1,0,0,0.22727273,0,3,2,6,0,0.39130434,-0.3252174,2,0,0,2,0,0.34579438,-0.47383177,-2,3,8,0,0
,1029.2097,321.442301546369,707.767415250506,-707.767415250506,11,-0.3181818,0.45454547,0,0,0,2,17,-1.1411765,0.29411766,1,0,2,0,6,-0.21666667,0.33333334,0,0,0,1,12,-0.5833333,0.25,0,0,0,0,8,-2.1625,0.125,0,0,0,0,9,2.4333334,0.7777778,0,0,0,0,0.16666667,0,2,1,6,0,0.40869564,-0.06521739,3,1,1,2,0,0.3027523,-0.40366971,0,3,8,0,0
,734.0709,229.92022558987722,504.1506972616853,-504.1506972616853,11,-0.14545454,0.45454547,0,0,0,2,17,-1.2705883,0.23529412,1,1,2,0,8,-0.85,0.5,0,0,0,0,9,-0.95555556,0.33333334,-1,0,0,0,8,-1.1625,0.5,-1,0,0,0,9,-1.7111111,0.22222222,-1,0,0,0,0.375,0,1,1,6,0,0.3931624,-0.17948718,3,0,1,4,0,0.33636364,-0.30636364,2,1,10,0,0
,523.30023,268.5159059667978,254.78432596679596,-254.78432596679596,13,0.76153845,0.30769232,0,0,0,0,16,-1.30625,0.375,0,0,0,1,24,-1.2833333,0.375,3,0,0,0,9,0.022222223,0.44444445,-1,0,0,1,8,-0.75,0.375,1,0,0,0,9,-1.1444445,0.5555556,0,0,0,0,0.20833333,0,1,1,6,0,0.4051724,-0.21034482,4,0,0,3,0,0.37383178,-0.17476636,-2,1,9,0,0
,403.81076,246.9966836257992,156.81407687224768,-156.81407687224768,11,-0.19090909,0.45454547,-1,0,0,1,17,-0.2764706,0.4117647,-1,0,1,0,12,-1.3083333,0.5833333,-1,0,0,0,9,-0.12222222,0.33333334,1,0,0,0,8,-0.6375,0.375,-2,0,0,0,10,-1.7,0.3,0,1,0,1,0.5,0,0,0,4,0,0.35897437,-0.14102565,3,0,0,2,0,0.3761468,-0.2825688,1,0,6,0,0
,273.31003,243.7997644501899,29.510263625981963,-29.510263625981963,11,0.3090909,0.45454547,-1,0,1,1,17,-0.11764706,0.47058824,-1,0,1,1,12,0.31666666,0.41666666,0,0,0,0,9,-0.31111112,0.33333334,0,0,0,0,8,-0.525,0.25,-1,0,0,0,9,-1.1111112,0.22222222,0,0,0,0,0.0,0,2,3,6,0,0.37606838,-0.43675214,1,0,0,2,0,0.3490566,-0.26320755,1,2,8,0,0
,208.59972,224.57644336373258,15.976727177209142,15.976727177209142,11,-0.42727274,0.45454547,-2,0,0,2,17,-0.59411764,0.3529412,-1,0,2,0,18,-1.4944445,0.3888889,0,0,0,0,9,-0.62222224,0.22222222,0,0,0,0,8,-0.2875,0.375,0,0,0,0,9,-1.7888889,0.33333334,0,0,0,0,0.16666667,0,1,1,5,0,0.36206895,-0.28275862,2,0,0,3,0,0.3364486,-0.44018692,5,1,8,0,0
,336.3907,273.59797249899754,62.792713536158715,-62.792713536158715,11,-0.48181817,0.27272728,-2,0,0,1,16,-1.075,0.25,0,1,0,0,17,-0.052941177,0.5294118,1,0,0,1,12,-0.31666666,0.33333334,-1,0,0,0,8,-2.1125,0.25,1,0,0,0,11,-0.53636366,0.36363637,0,0,0,0,0.11764706,0,0,0,7,1,0.4017094,-0.2888889,2,1,2,3,0,0.32110092,-0.47706422,-2,1,10,0,0
,694.6122,215.76203205452683,478.8501505626607,-478.8501505626607,11,-0.21818182,0.36363637,1,0,0,0,17,-0.87647057,0.3529412,-1,0,0,1,21,-1.3047619,0.2857143,-3,1,1,0,9,-0.84444445,0.33333334,-2,0,0,0,8,-0.45,0.375,-2,0,0,0,9,-1.1111112,0.33333334,-1,0,0,0,0.0952381,0,0,0,7,0,0.36752138,-0.35555556,-3,0,0,3,0,0.35514018,-0.3775701,1,0,10,0,0
,663.9921,242.21835090166587,421.7737755631779,-421.7737755631779,11,-0.75454545,0.45454547,0,0,0,1,16,-1.26875,0.1875,0,0,0,0,16,0.2625,0.4375,2,0,0,0,10,0.1,0.4,0,0,0,0,8,-0.65,0.375,1,0,0,0,10,-1.74,0.1,-1,0,0,0,0.0625,0,2,2,5,0,0.42372882,-0.10169491,1,1,0,1,0,0.35514018,-0.2719626,3,3,6,0,0
,641.3002,238.27385066473897,403.0263202336985,-403.0263202336985,11,0.6545454,0.36363637,0,0,0,0,17,-0.03529412,0.47058824,1,0,0,0,15,0.7133333,0.73333335,-2,0,0,3,9,0.6111111,0.5555556,0,0,0,1,8,-0.575,0.375,0,0,0,0,9,-0.85555553,0.22222222,0,1,0,0,0.2,0,0,0,6,1,0.3931624,-0.05042735,-1,1,0,2,0,0.36448598,-0.2626168,4,1,8,0,0
,534.52484,299.9626920822888,234.56214922630494,-234.56214922630494,11,-0.29090908,0.36363637,-1,0,0,0,17,-1.5882353,0.29411766,0,0,0,1,21,0.552381,0.61904764,2,0,0,1,11,-0.6636364,0.27272728,1,1,0,0,8,-2.775,0.125,0,0,0,0,12,-0.53333336,0.5,-1,1,1,1,0.23809524,0,1,2,6,0,0.3898305,-0.095762715,-2,0,0,2,0,0.34579438,-0.29813084,3,1,8,0,0
,499.35052,346.98980746249833,152.36071743984542,-152.36071743984542,11,0.34545454,0.45454547,0,1,0,1,19,-1.0263158,0.2631579,4,0,0,0,7,-0.64285713,0.2857143,0,0,0,0,12,-0.43333334,0.33333334,0,0,0,0,8,-2.2125,0.125,0,0,0,0,9,0.3,0.5555556,0,0,0,0,0.0,0,0,1,7,0,0.42372882,-0.031355932,0,0,0,3,0,0.35514018,-0.2897196,3,0,10,0,0
,98.020065,212.7939772489061,114.7739119412889,114.7739119412889,11,0.13636364,0.36363637,0,0,0,1,17,-0.6117647,0.29411766,0,0,2,0,12,0.64166665,0.5833333,-1,0,0,0,9,0.011111111,0.44444445,0,0,0,1,8,-0.65,0.5,-2,0,0,0,9,-2.4,0.22222222,1,0,0,1,0.16666667,0,1,0,5,1,0.37931034,-0.275,5,0,0,3,0,0.34545454,-0.21181819,-3,1,8,0,0
,118.828064,258.03824883256635,139.2101848677226,139.2101848677226,13,-0.8923077,0.23076923,1,0,0,1,16,-0.8375,0.3125,1,0,0,0,20,-0.02,0.5,0,0,0,0,12,-0.24166666,0.41666666,-1,0,0,0,8,-1.4625,0.25,0,0,0,0,10,0.14,0.3,0,0,0,0,0.3,0,2,2,6,1,0.4117647,-0.028571429,0,0,0,2,0,0.317757,-0.3775701,1,2,8,0,0
,1036.3868,247.44687718786295,788.9399636324496,-788.9399636324496,11,0.1,0.45454547,0,0,0,1,17,-0.49411765,0.29411766,0,1,1,0,6,0.38333333,0.5,0,0,0,0,9,0.43333334,0.44444445,0,0,0,0,8,0.0375,0.5,0,0,0,0,9,-1.8888888,0.22222222,0,0,0,0,0.0,0,2,1,6,0,0.4369748,-0.25126052,-1,1,0,3,0,0.33333334,-0.4148148,1,3,9,0,0
,402.6101,218.52360964280004,184.08649777907496,-184.08649777907496,11,0.35454544,0.45454547,1,0,0,0,17,-1.2470589,0.29411766,-4,0,0,0,10,1.09,0.6,-1,0,0,1,9,-1.2666667,0.22222222,-1,0,0,0,8,-0.2625,0.5,0,0,0,0,9,-1.0888889,0.44444445,-1,0,0,1,0.1,0,2,2,5,0,0.38655463,-0.20672269,2,0,0,4,0,0.35514018,-0.38971964,0,2,9,0,0
,433.75418,364.2633361133013,69.49084479490182,-69.49084479490182,13,-0.75384617,0.23076923,-2,0,2,1,16,-0.06875,0.4375,1,0,0,0,16,-1.2125,0.4375,-3,0,0,1,11,-0.57272726,0.27272728,0,1,0,0,8,-2.425,0.125,1,0,0,0,11,0.6090909,0.6363636,-2,0,1,1,0.25,0,1,1,6,0,0.38333333,-0.15833333,0,2,1,2,0,0.3364486,-0.38317758,-2,3,8,0,0
,646.584,224.3493106916575,422.2346736833425,-422.2346736833425,11,-0.045454547,0.45454547,0,0,0,1,17,-1.0764706,0.23529412,-1,0,1,0,5,2.12,0.8,0,0,0,1,10,0.63,0.5,0,0,0,0,8,-0.6125,0.375,1,0,0,0,9,-1.7555555,0.11111111,0,0,0,0,0.2,0,2,1,8,1,0.35833332,-0.5108333,3,0,0,2,0,0.35514018,-0.34672898,1,2,10,0,0
,984.43805,272.1471714240831,712.2908778923231,-712.2908778923231,13,-0.61538464,0.30769232,-1,1,1,1,18,-1.2333333,0.44444445,2,0,0,1,20,0.185,0.55,1,0,0,3,11,-0.35454544,0.27272728,0,0,0,0,8,-3.1375,0.0,0,0,0,0,11,-0.72727275,0.36363637,-1,1,1,1,0.1,0,1,1,5,0,0.37704918,-0.3352459,1,0,0,2,0,0.3271028,-0.5084112,2,1,7,0,0
,376.24557,222.07438872399726,154.17118622717462,-154.17118622717462,11,-5.0464684e-17,0.45454547,0,0,0,1,17,-1.382353,0.1764706,-2,0,2,0,16,-0.05,0.5,-1,1,0,1,9,0.32222223,0.44444445,0,0,0,1,8,0.675,0.5,0,0,0,0,9,-1.3666667,0.22222222,0,0,0,1,0.125,0,0,0,6,0,0.42857143,-0.110084035,1,1,2,2,0,0.3272727,-0.13545455,-2,1,8,0,0
,1408.4302,236.4714370566591,1171.9587387245908,-1171.9587387245908,11,-0.46363637,0.36363637,0,0,0,1,16,-1.25625,0.1875,-3,0,1,0,5,1.42,0.8,0,0,0,0,11,-0.12727273,0.36363637,0,0,0,0,8,-2.825,0.125,0,0,0,0,9,-0.93333334,0.33333334,1,0,0,1,0.4,0,0,0,6,0,0.40650406,-0.12601626,1,0,0,2,0,0.34579438,-0.2,4,0,8,0,0
,438.19952,230.71484191174036,207.48468201404089,-207.48468201404089,11,-0.4909091,0.45454547,1,0,0,2,17,-1.5117648,0.29411766,-2,0,0,0,5,-0.42,0.4,-1,0,0,0,9,-0.67777777,0.5555556,2,0,0,0,8,-2.4875,0.125,0,0,1,0,9,-0.85555553,0.44444445,0,0,0,1,0.2,0,2,1,7,0,0.38333333,-0.22333333,1,0,0,2,0,0.35576922,-0.40865386,-1,2,9,0,0
,787.2757,295.64516109225804,491.6305347085232,-491.6305347085232,11,0.18181819,0.6363636,0,0,0,1,17,-0.40588236,0.3529412,-2,0,1,0,19,-0.8368421,0.47368422,-3,0,1,0,12,-0.425,0.33333334,-1,0,0,0,8,-1.475,0.25,0,0,0,0,11,-0.1,0.18181819,0,0,0,0,0.21052632,0,0,0,8,1,0.4,-0.1875,4,0,1,3,0,0.3090909,-0.5536364,2,0,11,0,0
,770.8262,231.14207809237644,539.6840937826236,-539.6840937826236,11,0.18181819,0.45454547,-1,0,0,1,16,-0.74375,0.3125,0,0,1,0,14,-0.69285715,0.42857143,2,0,0,1,9,-0.16666667,0.44444445,1,0,0,0,8,-1.3375,0.375,0,0,0,0,8,-2.0,0.25,0,0,0,1,0.14285715,0,0,1,9,1,0.36363637,-0.44793388,2,0,0,2,0,0.34545454,-0.11272727,0,0,11,0,0
,880.55585,286.889092278364,593.6667548896048,-593.6667548896048,11,-0.14545454,0.36363637,0,0,0,1,17,-0.13529412,0.4117647,0,0,1,0,24,-0.9625,0.375,-2,1,0,1,9,-0.044444446,0.33333334,0,0,0,0,8,-0.6,0.375,1,0,0,0,11,-1.5636364,0.27272728,0,0,0,1,0.25,0,2,1,5,0,0.3852459,-0.14508197,2,0,0,1,0,0.35514018,-0.21121496,1,2,6,0,0
,264.0188,251.8501941472521,12.168604680872903,-12.168604680872903,13,-0.52307695,0.23076923,0,0,0,1,16,-1.01875,0.25,2,0,0,0,9,0.37777779,0.5555556,-1,0,0,0,10,0.33,0.5,0,0,0,0,8,-0.95,0.375,1,0,0,0,10,-0.83,0.4,0,0,0,1,0.44444445,0,1,0,4,0,0.4262295,-0.11639344,1,2,1,3,1,0.3425926,-0.2777778,-3,3,7,0,0
,818.14764,320.3731662133069,497.77447782966186,-497.77447782966186,11,-0.3090909,0.36363637,1,0,0,0,17,-1.1235294,0.29411766,-2,0,1,0,17,-1.8235294,0.4117647,-1,0,0,0,12,-0.425,0.33333334,-1,0,0,0,8,-0.8,0.375,0,0,0,0,12,0.45833334,0.5,-1,1,0,0,0.3529412,0,4,2,7,0,0.40163934,-0.3,-1,0,0,2,0,0.3063063,-0.3828829,-1,4,9,0,0
,253.8985,286.89691314777104,32.998414612614795,32.998414612614795,11,-0.4909091,0.45454547,0,0,0,1,16,-1.05,0.25,0,0,0,0,13,0.24615385,0.6923077,-1,0,0,1,11,-0.56363636,0.27272728,-1,0,1,0,8,-2.3125,0.125,1,0,0,0,11,-0.054545455,0.36363637,-1,1,1,1,0.3846154,0,0,0,8,0,0.4262295,0.009016394,-1,1,0,3,0,0.34579438,-0.23084112,1,1,11,0,0
,131.22227,300.8817055792784,169.65943079900495,169.65943079900495,11,-0.2,0.27272728,0,0,0,0,17,-1.7235295,0.23529412,3,0,0,1,24,-0.25416666,0.5,-2,0,1,3,10,-0.49,0.4,1,0,0,1,8,-1.325,0.25,2,0,0,0,11,-0.91818184,0.27272728,0,0,0,0,0.20833333,0,2,2,8,0,0.3902439,-0.32276422,0,0,0,4,0,0.3490566,-0.2028302,1,2,12,0,0
,1153.6567,365.0393866180221,788.617351663228,-788.617351663228,11,0.21818182,0.45454547,-1,0,0,0,17,-0.21764706,0.4117647,-1,0,0,0,15,-0.14,0.53333336,2,0,0,0,9,-0.67777777,0.33333334,-1,0,0,0,8,-1.975,0.125,1,0,1,0,11,0.3909091,0.54545456,0,1,0,1,0.2,0,0,0,5,1,0.37704918,-0.1762295,4,0,0,1,0,0.33027524,-0.37706423,0,0,6,0,0
,1052.1007,270.18675592188686,781.9139520859256,-781.9139520859256,11,-0.6090909,0.36363637,-1,0,0,1,17,-0.17058824,0.3529412,0,1,1,1,8,-0.4,0.375,-1,0,1,0,9,-0.51111114,0.44444445,0,0,0,0,8,-1.3375,0.375,0,0,0,0,10,-1.57,0.3,1,0,0,1,0.0,0,2,2,6,0,0.3902439,-0.26341462,3,0,1,3,0,0.35514018,-0.24766356,2,2,9,0,0
,1134.0879,236.7985808433923,897.2893097816077,-897.2893097816077,11,-0.28181818,0.45454547,0,0,0,1,17,-1.2470589,0.23529412,-1,0,1,0,7,-0.3,0.42857143,0,0,0,0,12,-0.725,0.25,0,0,0,0,8,-1.525,0.25,1,0,0,0,9,-0.6111111,0.33333334,1,0,0,0,0.0,0,0,2,6,0,0.37903225,-0.28951612,2,1,1,2,0,0.33636364,-0.3090909,-2,1,8,0,0
,487.12857,294.38631004814494,192.7422605084957,-192.7422605084957,11,0.09090909,0.45454547,0,0,0,1,17,0.064705886,0.47058824,-1,0,1,0,13,0.0076923077,0.3846154,0,0,0,1,9,-1.1666666,0.22222222,0,0,0,0,8,-1.2625,0.25,-1,0,0,0,11,-1.4363636,0.27272728,-1,1,1,1,0.07692308,0,1,0,6,2,0.3821138,-0.18699187,2,0,0,1,0,0.33636364,-0.3009091,0,1,7,0,0
,589.8536,300.9475794800776,288.90599718007866,-288.90599718007866,11,-0.009090909,0.36363637,0,0,0,1,16,0.225,0.4375,-1,0,1,0,9,0.23333333,0.5555556,1,0,0,0,11,-0.5272727,0.18181819,0,0,0,0,8,-2.775,0.125,0,0,0,0,10,-0.4,0.4,-2,1,1,1,0.11111111,0,3,1,7,0,0.3966942,-0.2570248,4,0,1,1,0,0.32743362,-0.279646,2,3,8,0,0
,474.7736,228.54341855596738,246.23017153192325,-246.23017153192325,11,0.16363636,0.36363637,0,0,0,1,17,0.17058824,0.47058824,0,0,1,0,15,-0.88,0.33333334,1,0,0,0,9,0.62222224,0.44444445,0,0,0,0,8,-0.6375,0.375,-2,0,0,0,9,-0.8333333,0.33333334,0,0,0,0,0.06666667,0,0,1,6,1,0.38709676,-0.51048386,-3,1,0,2,0,0.35714287,-0.20089285,-3,1,8,0,0
,816.66516,229.43334166304484,587.2318194697676,-587.2318194697676,11,0.26363635,0.36363637,0,0,0,1,19,-0.036842104,0.47368422,-1,0,0,0,14,-0.22142857,0.42857143,0,0,0,0,9,-0.76666665,0.33333334,1,0,0,0,8,0.1,0.375,0,0,0,0,9,-0.43333334,0.33333334,0,0,0,0,0.21428572,0,2,2,6,0,0.41129032,-0.073387094,2,1,1,3,0,0.3207547,-0.45566037,-2,3,9,0,0
,931.5921,227.18038084001898,704.4117212107623,-704.4117212107623,11,0.29090908,0.45454547,-1,0,0,0,17,0.11176471,0.47058824,-1,0,1,0,20,-0.645,0.5,-1,0,0,3,9,-0.4,0.33333334,0,0,0,0,8,0.025,0.5,0,0,0,0,8,-2.1625,0.125,2,0,0,0,0.15,0,2,1,7,0,0.4,-0.1968,3,1,1,4,1,0.33333334,-0.36203703,-1,3,11,0,0
,946.6402,302.1148144740363,644.52538327987,-644.52538327987,11,-0.59090906,0.27272728,-1,1,0,1,17,-0.87647057,0.29411766,1,1,1,1,7,0.54285717,0.42857143,0,0,0,0,9,-0.82222223,0.22222222,1,0,0,0,8,-2.1625,0.25,-1,0,1,0,11,-1.1727272,0.27272728,-2,1,1,1,0.0,0,2,3,6,0,0.408,-0.1856,3,1,2,2,0,0.35185185,-0.2537037,-1,3,8,0,0
,88.71172,229.1288494476238,140.41712611998707,140.41712611998707,11,0.14545454,0.45454547,-1,0,0,1,17,-0.59411764,0.3529412,0,0,1,0,17,0.48235294,0.5294118,-1,0,1,1,9,-1.0333333,0.33333334,1,0,0,0,8,-2.825,0.125,0,0,0,0,9,-0.1,0.44444445,-1,0,1,1,0.11764706,0,2,3,8,0,0.408,-0.3424,-5,0,0,2,0,0.3364486,-0.37009346,3,2,10,0,0
,645.4143,278.7425961730704,366.6717104675546,-366.6717104675546,13,-0.43846154,0.30769232,0,0,0,1,16,-0.70625,0.25,1,0,0,0,21,-1.0,0.42857143,0,0,0,0,9,-0.044444446,0.33333334,0,0,0,0,8,-0.6,0.375,1,0,0,0,11,-1.3090909,0.36363637,0,0,0,1,0.2857143,0,2,2,6,0,0.408,-0.3464,1,0,1,2,0,0.3272727,-0.21818182,1,2,8,0,0
,575.77155,323.1009538249659,252.67059158519032,-252.67059158519032,13,-0.4076923,0.30769232,0,0,0,1,16,-0.85625,0.375,1,0,0,0,22,-1.0454545,0.5,-3,1,0,1,11,-0.6090909,0.27272728,0,0,0,0,8,-2.825,0.125,1,0,0,0,12,0.05,0.41666666,-1,0,1,2,0.27272728,0,0,2,9,0,0.42063493,-0.29603174,-3,0,0,2,0,0.3153153,-0.3072072,0,0,11,0,0
,600.64856,221.90761582070817,378.7409437496043,-378.7409437496043,11,-0.027272727,0.27272728,0,0,0,1,17,-0.30588236,0.4117647,-2,0,1,0,11,-0.08181818,0.45454547,0,0,0,0,9,0.022222223,0.44444445,1,0,0,0,8,-0.2375,0.375,0,0,0,0,9,-1.3111111,0.33333334,1,0,0,0,0.09090909,0,1,0,5,0,0.35714287,-0.3793651,2,0,1,2,0,0.34234235,-0.26486486,-3,1,7,0,0
,838.4608,292.37508354895044,546.0857318807371,-546.0857318807371,13,-0.34615386,0.23076923,-1,0,0,1,16,-1.0625,0.3125,1,0,0,0,19,-1.2421052,0.42105263,0,0,0,1,12,-0.34166667,0.33333334,-2,0,0,0,8,-2.3875,0.125,0,0,0,0,12,-0.46666667,0.33333334,-1,0,1,1,0.2631579,0,1,1,5,0,0.37096775,-0.2798387,2,0,0,3,0,0.3425926,-0.325,-1,1,8,0,0
,751.0071,307.962862302531,443.044217775594,-443.044217775594,11,0.35454544,0.45454547,0,0,0,0,17,-0.8117647,0.4117647,0,1,1,0,23,0.18695652,0.5217391,1,0,0,1,9,-0.76666665,0.5555556,0,0,0,0,8,-2.475,0.125,0,0,0,0,11,0.036363635,0.36363637,-1,0,1,0,0.17391305,0,1,0,5,2,0.384,-0.2632,4,0,0,2,0,0.32407406,-0.43055555,1,1,7,0,0
,661.76917,291.878041142932,369.8911238961305,-369.8911238961305,13,-0.3846154,0.3846154,0,0,0,1,16,-0.76875,0.375,1,1,0,0,9,-0.87777776,0.44444445,0,0,1,1,11,-0.6727273,0.27272728,1,0,0,0,8,-2.825,0.125,1,0,0,0,11,-0.3,0.36363637,-1,0,1,1,0.33333334,0,3,1,5,1,0.4015748,-0.1472441,1,1,0,1,1,0.34234235,-0.24144144,-1,4,6,0,0
,912.87665,225.2400344797098,687.6366134695089,-687.6366134695089,11,-0.19090909,0.45454547,-1,0,0,1,17,-0.6,0.3529412,0,0,1,0,7,-0.4857143,0.42857143,-1,0,0,0,14,-0.5928571,0.35714287,-1,0,1,0,8,-1.7625,0.25,1,0,1,0,9,-1.1555556,0.33333334,0,0,0,2,0.14285715,0,1,1,9,0,0.3846154,-0.35615385,3,1,1,2,0,0.29090908,-0.5172727,-2,2,11,0,0
,408.5829,251.22581816819954,157.35706757398796,-157.35706757398796,11,-0.08181818,0.36363637,-1,0,0,1,17,-0.38235295,0.3529412,0,0,1,0,19,-0.7736842,0.31578946,0,0,0,0,9,-0.42222223,0.33333334,1,0,0,0,8,-0.6,0.375,1,0,0,0,10,-1.63,0.3,-2,0,0,1,0.21052632,0,0,0,4,1,0.3984375,-0.1078125,0,0,0,1,0,0.33636364,-0.22818182,-1,0,5,0,0
,1236.1959,226.53866372810734,1009.6572591234551,-1009.6572591234551,11,-0.6363636,0.27272728,1,0,0,1,16,-0.99375,0.3125,0,0,1,0,10,-0.51,0.5,1,0,0,0,9,-0.76666665,0.33333334,1,0,0,0,8,0.325,0.5,0,0,0,0,9,-1.5777777,0.22222222,0,0,0,0,0.1,0,2,1,7,0,0.41732284,-0.14409448,-1,0,0,2,0,0.3301887,-0.3745283,4,2,9,0,0
,784.11194,241.7176915407895,542.394246935773,-542.394246935773,11,1.4727273,0.54545456,0,0,0,1,17,-0.9823529,0.4117647,1,1,0,1,9,-0.22222222,0.5555556,-1,0,1,0,9,-0.13333334,0.33333334,0,0,0,0,8,-0.6,0.375,1,0,0,0,10,-1.29,0.4,-1,0,0,1,0.11111111,0,3,1,7,0,0.41732284,-0.21259843,1,0,0,2,0,0.3153153,-0.3198198,0,3,9,0,0
,864.3077,319.6828825845461,544.6247956381101,-544.6247956381101,11,-0.045454547,0.45454547,0,0,0,1,17,-1.2176471,0.23529412,-1,0,1,0,14,-1.2928572,0.2857143,1,0,0,1,12,-0.8,0.25,1,0,0,0,8,-1.975,0.125,1,0,0,0,10,1.49,0.6,0,0,0,1,0.21428572,0,1,0,5,0,0.36434108,-0.28294572,2,0,0,3,0,0.35779816,-0.28899083,2,1,8,0,0
,906.429,307.95519592455724,598.473820188724,-598.473820188724,11,-0.19090909,0.45454547,-1,0,0,1,17,-0.61764705,0.3529412,1,0,1,0,22,-0.41363636,0.5,-2,1,0,0,11,-0.6090909,0.27272728,0,0,0,0,8,-2.825,0.125,1,0,0,0,11,0.55454546,0.45454547,-1,0,0,1,0.27272728,0,1,1,7,0,0.375,-0.33125,-4,0,0,3,0,0.3364486,-0.3728972,-4,1,10,0,0
,970.09454,302.4062151262123,667.6883283308189,-667.6883283308189,11,0.13636364,0.36363637,0,1,0,1,17,-0.5294118,0.29411766,1,0,0,0,20,0.005,0.5,0,0,1,0,12,-0.425,0.33333334,-1,0,0,0,8,-0.5375,0.5,0,0,0,0,11,-0.36363637,0.27272728,0,1,0,0,0.25,0,0,0,8,0,0.3984375,-0.321875,3,2,1,2,0,0.33333334,-0.43513513,-1,2,10,0,0
,817.6609,246.69652121741944,570.9643674544556,-570.9643674544556,11,-0.72727275,0.36363637,1,0,0,1,17,-0.29411766,0.4117647,0,1,1,0,6,-1.4,0.16666667,0,0,0,0,14,-0.98571426,0.2857143,0,0,1,0,8,-1.8125,0.25,2,0,1,0,9,-0.9444444,0.33333334,0,0,0,2,0.0,0,4,1,5,0,0.4108527,-0.23410852,1,0,0,2,0,0.3272727,-0.23818181,1,4,7,0,0
,1007.49243,388.68382255813,618.808609082495,-618.808609082495,11,-0.027272727,0.54545456,0,0,0,1,16,-1.225,0.1875,0,0,0,0,14,-0.22857143,0.5,2,0,0,1,11,-1.0181818,0.27272728,0,0,0,0,8,-2.9,0.125,2,0,0,0,11,0.28181818,0.54545456,-1,0,1,2,0.14285715,0,3,1,6,0,0.4108527,-0.16821705,1,0,1,1,0,0.35185185,-0.33055556,0,3,7,0,0
,965.1977,329.6438677882847,635.553825082809,-635.553825082809,11,-0.045454547,0.45454547,-1,0,0,0,17,-0.64705884,0.4117647,1,0,2,1,18,0.40555555,0.5,-1,0,0,1,9,-1.2777778,0.22222222,2,0,0,0,8,-1.05,0.25,-1,0,0,0,11,-0.6363636,0.36363637,-2,0,1,1,0.0,0,1,2,6,0,0.37121212,-0.4530303,1,1,0,1,0,0.35185185,-0.23981482,1,2,7,0,0
,526.2997,287.68889424181776,238.61078837536974,-238.61078837536974,11,-0.3272727,0.36363637,-2,0,1,1,17,-0.17058824,0.3529412,0,1,1,1,15,-0.72,0.53333336,-2,0,0,1,12,-0.725,0.25,0,0,0,0,8,-1.8125,0.25,0,0,0,0,11,-0.09090909,0.36363637,0,0,0,0,0.33333334,0,1,0,5,0,0.37692308,-0.36461538,0,0,1,3,0,0.3243243,-0.28558558,1,1,8,0,0
,773.5827,288.4225772149991,485.16012542171967,-485.16012542171967,11,0.4,0.45454547,1,0,0,0,17,-0.7588235,0.3529412,-2,0,2,0,18,-0.59444445,0.5555556,-1,0,0,2,11,-0.6090909,0.27272728,0,0,0,0,8,-1.8625,0.25,1,0,0,0,11,-0.09090909,0.27272728,-1,0,1,1,0.33333334,0,1,1,6,0,0.4318182,-0.10227273,1,0,2,1,0,0.33944955,-0.3788991,-3,1,7,0,0
,725.48206,225.62628650049564,499.85576916356683,-499.85576916356683,11,-0.8,0.36363637,1,0,0,1,17,-0.9352941,0.3529412,0,1,2,0,10,-1.62,0.3,-1,0,0,1,9,-0.64444447,0.22222222,1,0,0,0,8,-0.4,0.375,-1,0,0,0,9,-1.4333333,0.44444445,0,0,0,0,0.1,0,0,2,7,1,0.36923078,-0.3123077,-1,0,0,2,0,0.34862384,-0.28073394,0,0,9,0,0
,338.07037,326.84194123666816,11.228432298488087,-11.228432298488087,11,0.13636364,0.45454547,0,0,0,2,17,-1.1235294,0.3529412,0,0,2,0,8,-0.9125,0.375,0,0,0,0,9,-0.3888889,0.44444445,2,0,0,0,8,-2.5625,0.125,0,0,1,0,10,-0.12,0.6,-1,0,0,1,0.125,0,3,1,6,0,0.42307693,-0.23307693,6,0,1,2,0,0.34579438,-0.33738318,-3,3,8,0,0
,503.81482,237.83106573688818,265.98375359904935,-265.98375359904935,11,-0.24545455,0.45454547,1,0,0,2,17,-1.2529411,0.29411766,0,0,2,0,24,-0.9375,0.5,0,0,0,1,9,0.24444444,0.5555556,1,1,0,1,8,0.2125,0.375,1,0,0,0,10,-1.06,0.3,1,0,0,0,0.33333334,0,3,1,8,0,0.4076923,-0.20461538,-4,1,2,1,0,0.33027524,-0.43669724,-1,4,9,0,0
,337.4,224.57245785750416,112.82753603898021,-112.82753603898021,11,-0.42727274,0.36363637,0,0,0,0,17,-1.0470588,0.1764706,0,2,0,1,13,-1.2307693,0.53846157,0,0,1,0,9,-0.06666667,0.44444445,-1,0,0,0,8,0.075,0.5,0,0,0,0,9,-1.0888889,0.44444445,0,0,0,0,0.3846154,0,0,1,9,0,0.35114503,-0.45038167,1,0,1,3,0,0.33962265,-0.4283019,1,0,12,0,0
,509.81866,227.42627374558919,282.39239080519206,-282.39239080519206,11,-1.0909091,0.36363637,0,1,0,1,16,-0.85625,0.1875,0,0,0,0,19,-0.33684212,0.5263158,2,0,0,0,10,0.08,0.3,1,0,0,0,8,-0.6125,0.375,1,0,0,0,9,-1.8666667,0.11111111,1,0,0,0,0.2631579,0,3,2,7,0,0.41984734,-0.41068703,2,1,0,2,0,0.3425926,-0.29537037,5,4,9,0,0
,1366.9147,250.17664687232235,1116.73802597924,-1116.73802597924,11,0.54545456,0.45454547,0,0,0,1,16,-1.05,0.1875,0,0,0,0,11,-1.6148699e-16,0.45454547,-1,0,0,0,9,0.5222222,0.5555556,0,0,0,0,8,0.0375,0.5,0,0,0,0,9,-2.0,0.22222222,2,1,0,0,0.0,0,0,0,6,0,0.36363637,-0.38863635,5,0,0,3,0,0.36448598,-0.3588785,1,0,9,0,0
,1098.9985,295.2051692377804,803.7933659184696,-803.7933659184696,11,-0.11818182,0.45454547,-1,0,0,1,19,-0.3631579,0.36842105,0,0,0,0,5,-1.5,0.2,-1,0,0,0,9,-0.9,0.5555556,1,0,0,0,8,-2.05,0.125,-1,0,1,0,11,-0.91818184,0.27272728,0,0,1,0,0.2,0,4,1,6,0,0.39694658,-0.28473282,0,0,0,3,0,0.35779816,-0.3027523,2,4,9,0,0
